{
    "mean_squared_error": 31.066761163184374,
    "r2": 0.4288321106246621,
    "mse_std": 17.41976115233739,
    "r2_std": 0.2524235832054938,
    "feature_importances": {
        "shap": {
            "CRIM": 0.0,
            "ZN": 0.0,
            "INDUS": 0.0,
            "CHAS": 0.02407420741923602,
            "NOX": 0.0,
            "RM": 0.2294386299332755,
            "AGE": 0.0,
            "DIS": 0.017032037976678648,
            "RAD": 0.0,
            "TAX": 0.03523398968481349,
            "PTRATIO": 0.15624506023370716,
            "LSTAT": 0.5379760747522891
        },
        "other": {
            "CRIM": 0.0,
            "ZN": 0.0,
            "INDUS": 0.0,
            "CHAS": 0.05007173194226634,
            "NOX": 0.0,
            "RM": 0.24418227779898932,
            "AGE": 0.0,
            "DIS": 0.015461950085255662,
            "RAD": 0.0,
            "TAX": 0.03155873510212283,
            "PTRATIO": 0.15184384622103025,
            "LSTAT": 0.5068814588503356
        }
    }
}