{
    "mean_squared_error": 31.066761163184374,
    "r2": 0.4288321106246621,
    "mse_std": 17.41976115233739,
    "r2_std": 0.2524235832054938,
    "feature_importances": {
        "shap": {
            "CRIM": 0.0,
            "ZN": 0.0,
            "INDUS": 0.0,
            "CHAS": 0.09878390907379939,
            "NOX": 0.0,
            "RM": 0.48173448354734105,
            "AGE": 0.0,
            "DIS": 0.030504075095437715,
            "RAD": 0.0,
            "TAX": 0.062260582925446915,
            "PTRATIO": 0.2995648066619544,
            "LSTAT": 1.0
        },
        "other": {
            "CRIM": 0.0,
            "ZN": 0.0,
            "INDUS": 0.0,
            "CHAS": 0.09878390907379939,
            "NOX": 0.0,
            "RM": 0.48173448354734105,
            "AGE": 0.0,
            "DIS": 0.030504075095437715,
            "RAD": 0.0,
            "TAX": 0.062260582925446915,
            "PTRATIO": 0.2995648066619544,
            "LSTAT": 1.0
        }
    }
}