{
    "mean_squared_error": 24.231048721684125,
    "r2": 0.5384205896687368,
    "mse_std": 13.716666956933087,
    "r2_std": 0.17448866520126768,
    "feature_importances": {
        "shap": {
            "CRIM": 0.07457903344001711,
            "ZN": 0.021061912549306807,
            "INDUS": 0.004571781732635409,
            "CHAS": 0.01611194858859327,
            "NOX": 0.11126319075617903,
            "RM": 0.0868391400734102,
            "AGE": 0.0027802537395633124,
            "DIS": 0.17377615251619397,
            "RAD": 0.11335984661393476,
            "TAX": 0.07443125233778361,
            "PTRATIO": 0.08473114116219106,
            "LSTAT": 0.2364943464901915
        },
        "other": {
            "CRIM": 0.07329669365486893,
            "ZN": 0.01967604513904622,
            "INDUS": 0.004062802747681171,
            "CHAS": 0.03492182002694506,
            "NOX": 0.10915632120337235,
            "RM": 0.09630998185119792,
            "AGE": 0.002580664436055331,
            "DIS": 0.1643978049481887,
            "RAD": 0.10810775025874,
            "TAX": 0.06947383586439614,
            "PTRATIO": 0.08581083787678971,
            "LSTAT": 0.23220544199271856
        }
    }
}