{
    "mean_squared_error": 24.231048721684125,
    "std_deviation": 13.716666956933087,
    "feature_importances": {
        "CRIM": 1.540886701315705,
        "ZN": 0.4136415270244573,
        "INDUS": 0.08541065649493951,
        "CHAS": 0.7341472770741493,
        "NOX": 2.2947491260494117,
        "RM": 2.0246857373574008,
        "AGE": 0.05425226312117426,
        "DIS": 3.456068462827992,
        "RAD": 2.2727054438121472,
        "TAX": 1.4605203104646027,
        "PTRATIO": 1.803966486342592,
        "LSTAT": 4.881560950409218
    }
}