{
    "mean_squared_error": 24.231048721684125,
    "r2": 0.5384205896687368,
    "mse_std": 13.716666956933087,
    "r2_std": 0.17448866520126768,
    "feature_importances": {
        "shap": {
            "CRIM": 0.3072077462485873,
            "ZN": 0.07822232110431586,
            "INDUS": 0.007665468401957471,
            "CHAS": 0.05704275121849334,
            "NOX": 0.46416942915105464,
            "RM": 0.35966545852901277,
            "AGE": 0.0,
            "DIS": 0.73164564774056,
            "RAD": 0.47314045795415244,
            "TAX": 0.3065754304969174,
            "PTRATIO": 0.35064589583850625,
            "LSTAT": 1.0
        },
        "other": {
            "CRIM": 0.30796340870210936,
            "ZN": 0.07444919875326762,
            "INDUS": 0.0064546096784355135,
            "CHAS": 0.14084349230521992,
            "NOX": 0.4641296026558718,
            "RM": 0.40818468465152263,
            "AGE": 0.0,
            "DIS": 0.7047024377506589,
            "RAD": 0.45956314882719634,
            "TAX": 0.291315127836472,
            "PTRATIO": 0.36246163992557884,
            "LSTAT": 1.0
        }
    }
}