{
    "mean_squared_error": 12.60551380468566,
    "r2": 0.8454623935670325,
    "mse_std": 1.6742548751829072,
    "r2_std": 0.014269569907569503,
    "feature_importances": {
        "shap": {
            "CRIM": 0.008898167541720658,
            "ZN": 0.005897831904463128,
            "INDUS": 0.0003714203457277453,
            "CHAS": 0.003626958602997649,
            "NOX": 0.0075832829291976695,
            "RM": 0.009429420889194606,
            "AGE": 0.0006989728634331815,
            "DIS": 0.008275470748078936,
            "RAD": 0.0126263839413626,
            "TAX": 0.007770377402377548,
            "PTRATIO": 0.004941088947005913,
            "LSTAT": 0.008291072834794735
        },
        "other": {
            "CRIM": 0.006995014619403684,
            "ZN": 0.011583510585847844,
            "INDUS": 0.00860802091771576,
            "CHAS": 0.009573305454956094,
            "NOX": 0.006046096197693481,
            "RM": 0.012573882165899131,
            "AGE": 0.008408972863013368,
            "DIS": 0.0035616320893546655,
            "RAD": 0.010378246833830315,
            "TAX": 0.009812427989117384,
            "PTRATIO": 0.010740114105534434,
            "LSTAT": 0.00024154088861748653
        }
    }
}