{
    "mean_squared_error": 12.341279380584686,
    "std_deviation": 5.841442127407321,
    "feature_importances": {
        "CRIM": 0.034298116884780565,
        "ZN": 0.023904870321141997,
        "INDUS": 0.011635306116694773,
        "CHAS": 0.02105221522187464,
        "NOX": 0.03004284499512116,
        "RM": 0.035677995191420196,
        "AGE": 0.012072417008034247,
        "DIS": 0.029721702121056605,
        "RAD": 0.04302936857043018,
        "TAX": 0.03108096948004301,
        "PTRATIO": 0.022626954181121827,
        "LSTAT": 0.0320092189996654
    }
}