{
    "mean_squared_error": -12.60551380468566,
    "r2": 0.8454623935670325,
    "mse_std": 1.6742548751829072,
    "r2_std": 0.014269569907569503,
    "feature_importances": {
        "shap": {
            "CRIM": 0.001292085418021597,
            "ZN": 0.0009950830911360563,
            "INDUS": 0.00045042956220150835,
            "CHAS": 0.000769956758260352,
            "NOX": 0.0011580372794634352,
            "RM": 0.0013370025196912415,
            "AGE": 0.00048483408471659036,
            "DIS": 0.0012313010550544022,
            "RAD": 0.0016645753346514053,
            "TAX": 0.0011788058165956897,
            "PTRATIO": 0.0008998382704109421,
            "LSTAT": 0.0012284061397460186
        },
        "other": {
            "CRIM": 0.001676191568261173,
            "ZN": -0.0007232447413578133,
            "INDUS": 0.0008430937934592413,
            "CHAS": 0.00037031822558965174,
            "NOX": 0.002170446177537974,
            "RM": -0.0012427100481531644,
            "AGE": 0.000989157824214491,
            "DIS": 0.003453900517545981,
            "RAD": -8.104811692882215e-05,
            "TAX": 0.00018673416455796337,
            "PTRATIO": -0.0002752673108326295,
            "LSTAT": 0.0053227834668256304
        }
    }
}