{
    "mean_squared_error": 21.394214030246644,
    "std_deviation": 11.250232143303736,
    "feature_importances": {
        "CRIM": 0.03921013453290607,
        "ZN": 0.0013823319491846106,
        "INDUS": 0.007692129746581541,
        "CHAS": 0.0010740941649454957,
        "NOX": 0.017963905408609742,
        "RM": 0.5358561132732563,
        "AGE": 0.0141738912794987,
        "DIS": 0.05498189423716478,
        "RAD": 0.004262565682302008,
        "TAX": 0.016599891702998623,
        "PTRATIO": 0.016441460519992256,
        "LSTAT": 0.2903615875025599
    }
}