{
    "mean_squared_error": 21.394214030246644,
    "r2": 0.5742172083711181,
    "mse_std": 11.250232143303736,
    "r2_std": 0.1909438267990123,
    "feature_importances": {
        "shap": {
            "CRIM": 0.11564838963703553,
            "ZN": 0.0,
            "INDUS": 0.02442948814527859,
            "CHAS": 0.0018392676314203799,
            "NOX": 0.10027792987740732,
            "RM": 1.0,
            "AGE": 0.07808100974114666,
            "DIS": 0.10143019489691965,
            "RAD": 0.012321393984304369,
            "TAX": 0.06906048394607131,
            "PTRATIO": 0.08887142474035988,
            "LSTAT": 0.8533297019932184
        },
        "other": {
            "CRIM": 0.07145647895263549,
            "ZN": 0.0006230985941843578,
            "INDUS": 0.012438007103977803,
            "CHAS": 4.541849093513043e-05,
            "NOX": 0.03161886013110647,
            "RM": 1.0,
            "AGE": 0.024545356272039853,
            "DIS": 0.10094059069187722,
            "RAD": 0.0060152953074937504,
            "TAX": 0.029078813268452602,
            "PTRATIO": 0.028780618879041965,
            "LSTAT": 0.5416068531150139
        }
    }
}