{
    "mean_squared_error": 21.394214030246644,
    "r2": 0.5742172083711181,
    "mse_std": 11.250232143303736,
    "r2_std": 0.1909438267990123,
    "feature_importances": {
        "shap": {
            "CRIM": 0.04816618191885307,
            "ZN": 0.001969745026271435,
            "INDUS": 0.011714974186965097,
            "CHAS": 0.002703913594957839,
            "NOX": 0.04202283989481438,
            "RM": 0.40134841565600166,
            "AGE": 0.03315237089169419,
            "DIS": 0.04246850357237823,
            "RAD": 0.006890532867348536,
            "TAX": 0.029560034491530395,
            "PTRATIO": 0.03745383773603622,
            "LSTAT": 0.34254865016314884
        },
        "other": {
            "CRIM": 0.03921013453290606,
            "ZN": 0.0013823319491846106,
            "INDUS": 0.007692129746581541,
            "CHAS": 0.0010740941649454957,
            "NOX": 0.017963905408609745,
            "RM": 0.5358561132732563,
            "AGE": 0.014173891279498701,
            "DIS": 0.05498189423716476,
            "RAD": 0.004262565682302008,
            "TAX": 0.016599891702998623,
            "PTRATIO": 0.016441460519992256,
            "LSTAT": 0.2903615875025599
        }
    }
}