{
    "mean_squared_error": 24.129225701480646,
    "std_deviation": 13.783475265284848,
    "feature_importances": {
        "CRIM": 1.5106233452189242,
        "ZN": 0.4055204479730962,
        "INDUS": 0.09999397763337317,
        "CHAS": 0.7376204180479793,
        "NOX": 2.2517237911645576,
        "RM": 2.0416938671637856,
        "AGE": 0.04840794392291669,
        "DIS": 3.403853836815994,
        "RAD": 2.209280425384974,
        "TAX": 1.4273685099527866,
        "PTRATIO": 1.7966483520734648,
        "LSTAT": 4.855067394305051
    }
}