{
    "mean_squared_error": 24.129225701480646,
    "r2": 0.5413860572747998,
    "mse_std": 13.783475265284848,
    "r2_std": 0.17473015718809254,
    "feature_importances": {
        "shap": {
            "CRIM": 0.3034998081382133,
            "ZN": 0.07806318077678931,
            "INDUS": 0.012338898980772143,
            "CHAS": 0.05889836338123666,
            "NOX": 0.4584551990694933,
            "RM": 0.36560753991287365,
            "AGE": 0.0,
            "DIS": 0.724745063516747,
            "RAD": 0.4628345961347871,
            "TAX": 0.30189915840635184,
            "PTRATIO": 0.3519384482799927,
            "LSTAT": 1.0
        },
        "other": {
            "CRIM": 0.30420615739268986,
            "ZN": 0.07429536203605788,
            "INDUS": 0.010732200656810697,
            "CHAS": 0.14338699906652835,
            "NOX": 0.4583881737380989,
            "RM": 0.41469256222893025,
            "AGE": 0.0,
            "DIS": 0.698082717848113,
            "RAD": 0.44955805664373943,
            "TAX": 0.2868854305707556,
            "PTRATIO": 0.36371214274636443,
            "LSTAT": 1.0
        }
    }
}