{
    "mean_squared_error": 24.129225701480646,
    "r2": 0.5413860572747998,
    "mse_std": 13.783475265284848,
    "r2_std": 0.17473015718809254,
    "feature_importances": {
        "shap": {
            "CRIM": 0.07398608548365289,
            "ZN": 0.020894608818066786,
            "INDUS": 0.0054162049128247975,
            "CHAS": 0.016381196479241533,
            "NOX": 0.11047887114197204,
            "RM": 0.08861277339528675,
            "AGE": 0.002510331209052449,
            "DIS": 0.173191493709367,
            "RAD": 0.11151024150899151,
            "TAX": 0.07360912429999988,
            "PTRATIO": 0.08539363253090813,
            "LSTAT": 0.2380154365106363
        },
        "other": {
            "CRIM": 0.0726687373064525,
            "ZN": 0.019507615183771164,
            "INDUS": 0.004810223617862736,
            "CHAS": 0.03548332849525514,
            "NOX": 0.10831947300742448,
            "RM": 0.09821595552769535,
            "AGE": 0.0023286705925825045,
            "DIS": 0.1637428423703426,
            "RAD": 0.10627772924118392,
            "TAX": 0.06866375236259137,
            "PTRATIO": 0.08642800837291191,
            "LSTAT": 0.23355366392192628
        }
    }
}