{
    "mean_squared_error": 25.89481450608337,
    "std_deviation": 14.856968690806694,
    "feature_importances": {
        "CRIM": 1.4895728139718307,
        "ZN": 0.3137213004547079,
        "INDUS": 0.24018566208537334,
        "CHAS": 0.4988048040443617,
        "NOX": 1.4278962761111906,
        "RM": 2.680253509685948,
        "AGE": 0.032821249059774016,
        "DIS": 2.0419812664877854,
        "RAD": 1.4547754880926456,
        "TAX": 1.4568343894627418,
        "PTRATIO": 1.6212559516637906,
        "LSTAT": 3.5928874125456134
    }
}