{
    "mean_squared_error": 25.89481450608337,
    "r2": 0.5149854946749902,
    "mse_std": 14.856968690806694,
    "r2_std": 0.22207762707206827,
    "feature_importances": {
        "shap": {
            "CRIM": 0.4091922728440749,
            "ZN": 0.07890304238612536,
            "INDUS": 0.05824734808371044,
            "CHAS": 0.1308918243610169,
            "NOX": 0.39186772463954117,
            "RM": 0.7436469265037313,
            "AGE": 0.0,
            "DIS": 0.564360302635708,
            "RAD": 0.3994179247614221,
            "TAX": 0.39999625709445946,
            "PTRATIO": 0.446181230814177,
            "LSTAT": 1.0
        },
        "other": {
            "CRIM": 0.4091922728440749,
            "ZN": 0.07890304238612536,
            "INDUS": 0.05824734808371044,
            "CHAS": 0.1308918243610169,
            "NOX": 0.39186772463954117,
            "RM": 0.7436469265037313,
            "AGE": 0.0,
            "DIS": 0.564360302635708,
            "RAD": 0.3994179247614221,
            "TAX": 0.39999625709445946,
            "PTRATIO": 0.446181230814177,
            "LSTAT": 1.0
        }
    }
}