{
    "mean_squared_error": 25.89481450608337,
    "r2": 0.5149854946749902,
    "mse_std": 14.856968690806694,
    "r2_std": 0.22207762707206827,
    "feature_importances": {
        "shap": {
            "CRIM": 0.09908107706153779,
            "ZN": 0.0204152391908825,
            "INDUS": 0.014504117516071382,
            "CHAS": 0.0,
            "NOX": 0.1086930609229936,
            "RM": 0.11267060106723055,
            "AGE": 0.0018185245521373798,
            "DIS": 0.12476696023135325,
            "RAD": 0.10282622437415767,
            "TAX": 0.10391369106753838,
            "PTRATIO": 0.0941573129012645,
            "LSTAT": 0.21715319111483286
        },
        "other": {
            "CRIM": 0.08839675313083553,
            "ZN": 0.018617380827617568,
            "INDUS": 0.014253504412660786,
            "CHAS": 0.02960091961266024,
            "NOX": 0.08473663954652925,
            "RM": 0.15905614388330586,
            "AGE": 0.001947734157987512,
            "DIS": 0.12117871125091925,
            "RAD": 0.08633175127493184,
            "TAX": 0.08645393408763224,
            "PTRATIO": 0.09621131694729775,
            "LSTAT": 0.2132152108676221
        }
    }
}